{"cameraMode":{"drawMode":0,"name":"Shaded","section":"Shading Mode"},"sceneLighting":true,"audioPlay":false,"sceneViewState":{"m_AlwaysRefresh":false,"showFog":true,"showSkybox":true,"showFlares":true,"showImageEffects":true,"showParticleSystems":true,"showVisualEffectGraphs":true,"m_FxEnabled":true},"in2DMode":false,"pivot":{"x":1.8360683917999268,"y":0.8191041946411133,"z":0.2815227508544922},"rotation":{"x":-0.0040810601785779,"y":-0.8239760398864746,"z":0.5666176080703735,"w":-0.005939834751188755},"size":14.299942016601563,"orthographic":false}