{"cameraMode":{"drawMode":0,"name":"Shaded","section":"Shading Mode"},"sceneLighting":true,"audioPlay":false,"sceneViewState":{"m_AlwaysRefresh":false,"showFog":true,"showSkybox":true,"showFlares":true,"showImageEffects":true,"showParticleSystems":true,"showVisualEffectGraphs":true,"m_FxEnabled":true},"in2DMode":false,"pivot":{"x":-0.02011975646018982,"y":0.5698862075805664,"z":0.9046535491943359},"rotation":{"x":-0.0040810601785779,"y":-0.8239760398864746,"z":0.5666176080703735,"w":-0.005939834751188755},"size":11.359288215637207,"orthographic":false}