{"cameraMode":{"drawMode":0,"name":"Shaded","section":"Shading Mode"},"sceneLighting":true,"audioPlay":false,"sceneViewState":{"m_AlwaysRefresh":false,"showFog":true,"showSkybox":true,"showFlares":true,"showImageEffects":true,"showParticleSystems":true,"showVisualEffectGraphs":true,"m_FxEnabled":true},"in2DMode":false,"pivot":{"x":0.028445839881896974,"y":0.25539588928222659,"z":-0.10799610614776612},"rotation":{"x":0.19431547820568086,"y":-0.7445269823074341,"z":0.5897301435470581,"w":0.24531856179237367},"size":8.225717544555664,"orthographic":false}