{"cameraMode":{"drawMode":0,"name":"Shaded","section":"Shading Mode"},"sceneLighting":true,"audioPlay":false,"sceneViewState":{"m_AlwaysRefresh":false,"showFog":true,"showSkybox":true,"showFlares":true,"showImageEffects":true,"showParticleSystems":true,"showVisualEffectGraphs":true,"m_FxEnabled":true},"in2DMode":false,"pivot":{"x":1.8590939044952393,"y":4.1868414878845219,"z":7.759560585021973},"rotation":{"x":0.06701219826936722,"y":-0.8190320730209351,"z":0.5614089965820313,"w":0.09775320440530777},"size":10.353135108947754,"orthographic":false}